{
  "best_model": "Linear SVM",
  "models": {
    "Naive Bayes": {
      "accuracy": 0.7176820208023774,
      "macro_f1": 0.685850545696022,
      "weighted_f1": 0.7191518977260378,
      "roc_auc": 0.9669734070802589
    },
    "Random Forest": {
      "accuracy": 0.825408618127786,
      "macro_f1": 0.7775571465326964,
      "weighted_f1": 0.819779928849748,
      "roc_auc": 0.9907500114406854
    },
    "Linear SVM": {
      "accuracy": 0.8517830609212481,
      "macro_f1": 0.8367337537362856,
      "weighted_f1": 0.8495048344305731,
      "roc_auc": 0.9948067975584775
    }
  },
  "last_trained_at": "2026-03-14T09:44:30.966385Z"
}